Corundum,Fluorite,Zincite
0.0, 0.0, 0.0
0.013600000000000001,0.9487000000000001,0.0377
0.9440999999999999,0.0425,0.013300000000000001
0.0604,0.0155,0.9242
0.1426,0.5418999999999999,0.3155
0.5626,0.2955,0.142
0.2833,0.18460000000000001,0.5321
0.3155,0.355,0.3307
0.35960000000000003,0.3521,0.2893
0.0, 0.0, 0.0
0.0, 0.0, 0.0
