Corundum,Fluorite,Zincite
0.0, 0.0, 0.0
0.013999999999999999,0.9473999999999999,0.038599999999999995
0.9425,0.0437,0.0139
0.0575,0.015300000000000001,0.9274
0.1414,0.5406,0.3182
0.5578,0.2968,0.14550000000000002
0.2791,0.1841,0.5367999999999999
0.3224,0.34909999999999997,0.3286
0.3565,0.34850000000000003,0.294
0.0, 0.0, 0.0
0.0, 0.0, 0.0
