Corundum,Fluorite,Zincite
0.0, 0.0, 0.0
0.0139,0.9454,0.0408
0.9438,0.0409,0.015300000000000001
0.051100000000000007,0.013000000000000001,0.9362
0.14,0.521,0.33899999999999997
0.5621,0.2836,0.15439999999999998
0.2723,0.1696,0.5581
0.32130000000000003,0.3326,0.34600000000000003
0.3592,0.3337,0.3071
0.0, 0.0, 0.0
0.0, 0.0, 0.0
