Corundum,Fluorite,Zincite
0.0, 0.0, 0.0
0.0139,0.9475,0.038599999999999995
0.9426000000000001,0.0435,0.013999999999999999
0.056799999999999996,0.0151,0.9281999999999999
0.14150000000000001,0.5397,0.3189
0.5585,0.2959,0.1457
0.27899999999999997,0.18350000000000002,0.5374
0.3225,0.3481,0.3295
0.35729999999999995,0.3477,0.294
0.0, 0.0, 0.0
0.0, 0.0, 0.0
